datetime,open,high,low,close,volume
2026-07-15T12:00:00+00:00,0.7136800000000012,0.7172500000000012,0.7134000000000013,0.7153600000000012,84665.93633668477
2026-07-16T00:00:00+00:00,0.7153600000000012,0.7156800000000013,0.7132000000000013,0.7153200000000013,80555
2026-07-16T12:00:00+00:00,0.7153200000000013,0.7158500000000013,0.7136000000000012,0.7150000000000013,77360.06808958606
2026-07-17T00:00:00+00:00,0.7150000000000013,0.7151000000000013,0.7115900000000013,0.7124400000000013,89242
2026-07-17T12:00:00+00:00,0.7124400000000013,0.7137200000000012,0.7116100000000013,0.7128900000000012,71623.91331702202
2026-07-19T12:00:00+00:00,0.7128900000000012,0.7143300000000009,0.7125500000000013,0.7143300000000009,8573.468942585761
2026-07-20T00:00:00+00:00,0.7143300000000009,0.717930000000001,0.7139200000000009,0.717390000000001,86399
2026-07-20T12:00:00+00:00,0.717390000000001,0.7178700000000009,0.715270000000001,0.716220000000001,79124.54015617367
2026-07-21T00:00:00+00:00,0.716220000000001,0.7188600000000009,0.7158600000000009,0.717980000000001,72517
2026-07-21T12:00:00+00:00,0.717980000000001,0.7180800000000009,0.7156300000000009,0.716280000000001,58688.30425997866
2026-07-22T00:00:00+00:00,0.716280000000001,0.717490000000001,0.715150000000001,0.715660000000001,77547
2026-07-22T12:00:00+00:00,0.715660000000001,0.716320000000001,0.7142500000000009,0.7151500000000011,62062.665252024344
2026-07-23T00:00:00+00:00,0.7151500000000011,0.7183400000000011,0.7146300000000011,0.715520000000001,86556
2026-07-23T12:00:00+00:00,0.715520000000001,0.7156100000000011,0.7123300000000011,0.7129200000000011,92117.52290774931
2026-07-24T00:00:00+00:00,0.7129200000000011,0.7157700000000011,0.7128200000000011,0.715030000000001,74465
2026-07-24T12:00:00+00:00,0.715030000000001,0.716300000000001,0.7134900000000011,0.7140200000000011,64708.94750629211
2026-07-26T12:00:00+00:00,0.7140200000000011,0.714790000000001,0.713200000000001,0.7135400000000011,8402.214521075388
2026-07-27T00:00:00+00:00,0.7135400000000011,0.715260000000001,0.713400000000001,0.7139300000000011,81176
2026-07-27T12:00:00+00:00,0.7139300000000011,0.714250000000001,0.7126600000000011,0.7130200000000011,73185.04959507567
2026-07-28T00:00:00+00:00,0.7130200000000011,0.7140000000000011,0.7106000000000011,0.7108500000000011,89961
2026-07-28T12:00:00+00:00,0.7108500000000011,0.7129900000000011,0.7106600000000011,0.7114100000000011,75073.20374872428
2026-07-29T00:00:00+00:00,0.7114100000000011,0.711590000000001,0.7076900000000012,0.7083100000000011,91221
2026-07-29T12:00:00+00:00,0.7083100000000011,0.7128400000000011,0.706200000000001,0.7098600000000012,140384
2026-07-30T00:00:00+00:00,0.7098600000000012,0.712420000000001,0.708590000000001,0.712310000000001,104179
2026-07-30T12:00:00+00:00,0.712310000000001,0.717410000000001,0.7114400000000011,0.7165500000000009,105709.20492144946
2026-07-31T00:00:00+00:00,0.7165500000000009,0.7185500000000009,0.715950000000001,0.715980000000001,84706
2026-07-31T12:00:00+00:00,0.715980000000001,0.7182800000000009,0.713220000000001,0.7168400000000009,87738.3809842092
2026-08-02T12:00:00+00:00,0.7168400000000009,0.717050000000001,0.7155700000000009,0.716590000000001,11081.128988979104
2026-08-03T00:00:00+00:00,0.716590000000001,0.717070000000001,0.711850000000001,0.712870000000001,82045
2026-08-03T12:00:00+00:00,0.712870000000001,0.7129600000000009,0.710440000000001,0.711770000000001,60932
2026-08-04T00:00:00+00:00,0.711770000000001,0.7157900000000009,0.7117400000000009,0.715290000000001,75791
2026-08-04T12:00:00+00:00,0.715290000000001,0.7169600000000009,0.714900000000001,0.7166700000000009,68630.7451784773
2026-08-05T00:00:00+00:00,0.7166700000000009,0.717630000000001,0.716000000000001,0.716950000000001,83220
2026-08-05T12:00:00+00:00,0.716950000000001,0.7184800000000009,0.7165000000000009,0.7176400000000007,68704.82430860854
2026-08-06T00:00:00+00:00,0.7176400000000007,0.7179700000000008,0.7155300000000008,0.7162500000000007,70061
2026-08-06T12:00:00+00:00,0.7162500000000007,0.7163800000000007,0.7141800000000007,0.7151800000000007,68887.54175371966
2026-08-07T00:00:00+00:00,0.7151800000000007,0.7161200000000008,0.7141200000000008,0.7159200000000008,55712
2026-08-07T12:00:00+00:00,0.7159200000000008,0.7196700000000007,0.7154600000000008,0.7182600000000007,77191.30700778642
2026-08-09T12:00:00+00:00,0.7182600000000007,0.7191300000000008,0.7179300000000008,0.7184600000000008,4256.528834383092
2026-08-10T00:00:00+00:00,0.7184600000000008,0.7196800000000008,0.7179200000000008,0.7185900000000007,62983
2026-08-10T12:00:00+00:00,0.7185900000000007,0.7189100000000007,0.7172300000000008,0.717540000000001,52176.86477756821
2026-08-11T00:00:00+00:00,0.717540000000001,0.7189100000000009,0.7159900000000009,0.7181100000000009,73498
2026-08-11T12:00:00+00:00,0.7181100000000009,0.7189700000000009,0.7173700000000011,0.7183600000000011,51590.439142325304
2026-08-12T00:00:00+00:00,0.7183600000000011,0.719180000000001,0.7174100000000011,0.7190500000000011,55480
2026-08-12T12:00:00+00:00,0.7190500000000011,0.7211200000000011,0.7176000000000011,0.7184500000000008,81236.16405770546
2026-08-13T00:00:00+00:00,0.7184500000000008,0.7187700000000008,0.7164600000000008,0.7173700000000007,59315
2026-08-13T12:00:00+00:00,0.7173700000000007,0.7188100000000007,0.7167300000000008,0.7184100000000008,68711.74274656238
2026-08-14T00:00:00+00:00,0.7184100000000008,0.7204600000000008,0.7176200000000008,0.7201800000000008,52044
2026-08-14T12:00:00+00:00,0.7201800000000008,0.7216700000000008,0.7198100000000008,0.7203200000000008,47946.241355177335
2026-08-16T12:00:00+00:00,0.7203200000000008,0.7205100000000009,0.7193100000000009,0.7201100000000008,3998.3918638341197
2026-08-17T00:00:00+00:00,0.7201100000000008,0.7245600000000009,0.7201100000000008,0.7241200000000009,65175
2026-08-17T12:00:00+00:00,0.7241200000000009,0.7242600000000008,0.721590000000001,0.7223500000000009,52253.20984115274
2026-08-18T00:00:00+00:00,0.7223500000000009,0.722880000000001,0.7210200000000009,0.7225600000000009,56695
2026-08-18T12:00:00+00:00,0.7225600000000009,0.7235000000000009,0.7193900000000009,0.7196700000000008,59173.15261573627
2026-08-19T00:00:00+00:00,0.7196700000000008,0.7201500000000008,0.7182400000000009,0.7189600000000008,78810
2026-08-19T12:00:00+00:00,0.7189600000000008,0.7244500000000008,0.7188600000000008,0.7237100000000009,114371.31414711899
2026-08-20T00:00:00+00:00,0.7237100000000009,0.7247000000000009,0.7216700000000009,0.7223300000000009,89499
2026-08-20T12:00:00+00:00,0.7223300000000009,0.7246600000000009,0.7217100000000009,0.7233000000000009,85907.08447138709
2026-08-21T00:00:00+00:00,0.7233000000000009,0.7281700000000009,0.7233000000000009,0.7278000000000009,76905
2026-08-21T12:00:00+00:00,0.7278000000000009,0.7294500000000009,0.7273900000000009,0.7283800000000009,66237.74649952349
2026-08-23T12:00:00+00:00,0.71566,0.71716,0.7156399999999999,0.71715,5786
2026-08-24T00:00:00+00:00,0.71715,0.71768,0.71574,0.71646,80468
2026-08-24T12:00:00+00:00,0.71646,0.71678,0.71404,0.7154,67429
2026-08-25T00:00:00+00:00,0.7154,0.7159,0.71376,0.71541,72982
2026-08-25T12:00:00+00:00,0.71541,0.7168500000000002,0.7150000000000001,0.71641,61363
2026-08-26T00:00:00+00:00,0.71641,0.71864,0.71595,0.71845,72995
2026-08-26T12:00:00+00:00,0.71845,0.71889,0.71617,0.7181,67870
2026-08-27T00:00:00+00:00,0.7181,0.71873,0.7175,0.71864,74326
2026-08-27T12:00:00+00:00,0.71864,0.7197899999999999,0.71842,0.71954,62503
2026-08-28T00:00:00+00:00,0.71954,0.72048,0.7192,0.71932,56282
2026-08-28T12:00:00+00:00,0.71932,0.72074,0.71555,0.71591,95681
2026-08-30T12:00:00+00:00,0.71518,0.71622,0.71518,0.7159099999999999,6208
2026-08-31T00:00:00+00:00,0.7159099999999999,0.7170799999999999,0.7153899999999999,0.7160299999999999,80925
2026-08-31T12:00:00+00:00,0.7160299999999999,0.7170699999999999,0.7154599999999999,0.7170699999999999,63884
2026-09-01T00:00:00+00:00,0.7170699999999999,0.7180699999999999,0.7138699999999999,0.7144699999999999,84590
2026-09-01T12:00:00+00:00,0.7144699999999999,0.7160499999999999,0.7140599999999999,0.7145299999999999,77055
2026-09-02T00:00:00+00:00,0.7145299999999999,0.7152699999999999,0.7138899999999999,0.7145599999999999,19913
